timestamp,lat,lng,altitude_m,speed_kmh,accuracy_m
2026-04-11T04:10:00Z,-22.91455,-43.18165,6.5,18.0,4.0
2026-04-11T04:10:01Z,-22.914533,-43.18162,6.8,19.6,4.3
2026-04-11T04:10:02Z,-22.914517,-43.181591,7.0,21.2,4.6
2026-04-11T04:10:03Z,-22.9145,-43.181561,7.2,22.9,4.9
2026-04-11T04:10:04Z,-22.914484,-43.181532,7.5,24.5,4.0
2026-04-11T04:10:05Z,-22.914467,-43.181502,7.8,26.1,4.3
2026-04-11T04:10:06Z,-22.91445,-43.181473,8.0,27.8,4.6
2026-04-11T04:10:07Z,-22.914434,-43.181443,8.2,29.4,4.9
2026-04-11T04:10:08Z,-22.914417,-43.181414,8.5,31.0,4.0
2026-04-11T04:10:09Z,-22.9144,-43.181384,8.8,18.0,4.3
2026-04-11T04:10:10Z,-22.914384,-43.181354,9.0,19.6,4.6
2026-04-11T04:10:11Z,-22.914367,-43.181325,6.5,21.2,4.9
2026-04-11T04:10:12Z,-22.914351,-43.181295,6.8,22.9,4.0
2026-04-11T04:10:13Z,-22.914334,-43.181266,7.0,24.5,4.3
2026-04-11T04:10:14Z,-22.914317,-43.181236,7.2,26.1,4.6
2026-04-11T04:10:15Z,-22.914301,-43.181207,7.5,27.8,4.9
2026-04-11T04:10:16Z,-22.914284,-43.181177,7.8,29.4,4.0
2026-04-11T04:10:17Z,-22.914267,-43.181148,8.0,31.0,4.3
2026-04-11T04:10:18Z,-22.914251,-43.181118,8.2,18.0,4.6
2026-04-11T04:10:19Z,-22.914234,-43.181089,8.5,19.6,4.9
2026-04-11T04:10:20Z,-22.914218,-43.181059,8.8,21.2,4.0
2026-04-11T04:10:21Z,-22.914201,-43.181029,9.0,22.9,4.3
2026-04-11T04:10:22Z,-22.914184,-43.181,6.5,24.5,4.6
2026-04-11T04:10:23Z,-22.914168,-43.18097,6.8,26.1,4.9
2026-04-11T04:10:24Z,-22.914151,-43.180941,7.0,27.8,4.0
2026-04-11T04:10:25Z,-22.914134,-43.180911,7.2,29.4,4.3
2026-04-11T04:10:26Z,-22.914118,-43.180882,7.5,31.0,4.6
2026-04-11T04:10:27Z,-22.914101,-43.180852,7.8,18.0,4.9
2026-04-11T04:10:28Z,-22.914085,-43.180823,8.0,19.6,4.0
2026-04-11T04:10:29Z,-22.914068,-43.180793,8.2,21.2,4.3
2026-04-11T04:10:30Z,-22.914051,-43.180763,8.5,22.9,4.6
2026-04-11T04:10:31Z,-22.914035,-43.180734,8.8,24.5,4.9
2026-04-11T04:10:32Z,-22.914018,-43.180704,9.0,26.1,4.0
2026-04-11T04:10:33Z,-22.914001,-43.180675,6.5,27.8,4.3
2026-04-11T04:10:34Z,-22.913985,-43.180645,6.8,29.4,4.6
2026-04-11T04:10:35Z,-22.913968,-43.180616,7.0,31.0,4.9
2026-04-11T04:10:36Z,-22.913952,-43.180586,7.2,18.0,4.0
2026-04-11T04:10:37Z,-22.913935,-43.180557,7.5,19.6,4.3
2026-04-11T04:10:38Z,-22.913918,-43.180527,7.8,21.2,4.6
2026-04-11T04:10:39Z,-22.913902,-43.180497,8.0,22.9,4.9
2026-04-11T04:10:40Z,-22.913885,-43.180468,8.2,24.5,4.0
2026-04-11T04:10:41Z,-22.913868,-43.180438,8.5,26.1,4.3
2026-04-11T04:10:42Z,-22.913852,-43.180409,8.8,27.8,4.6
2026-04-11T04:10:43Z,-22.913835,-43.180379,9.0,29.4,4.9
2026-04-11T04:10:44Z,-22.913819,-43.18035,6.5,31.0,4.0
2026-04-11T04:10:45Z,-22.913802,-43.18032,6.8,18.0,4.3
2026-04-11T04:10:46Z,-22.913785,-43.180291,7.0,19.6,4.6
2026-04-11T04:10:47Z,-22.913769,-43.180261,7.2,21.2,4.9
2026-04-11T04:10:48Z,-22.913752,-43.180231,7.5,22.9,4.0
2026-04-11T04:10:49Z,-22.913735,-43.180202,7.8,24.5,4.3
2026-04-11T04:10:50Z,-22.913719,-43.180172,8.0,26.1,4.6
2026-04-11T04:10:51Z,-22.913702,-43.180143,8.2,27.8,4.9
2026-04-11T04:10:52Z,-22.913686,-43.180113,8.5,29.4,4.0
2026-04-11T04:10:53Z,-22.913669,-43.180084,8.8,31.0,4.3
2026-04-11T04:10:54Z,-22.913652,-43.180054,9.0,18.0,4.6
2026-04-11T04:10:55Z,-22.913636,-43.180025,6.5,19.6,4.9
2026-04-11T04:10:56Z,-22.913619,-43.179995,6.8,21.2,4.0
2026-04-11T04:10:57Z,-22.913603,-43.179965,7.0,22.9,4.3
2026-04-11T04:10:58Z,-22.913586,-43.179936,7.2,24.5,4.6
2026-04-11T04:10:59Z,-22.91357,-43.179906,7.5,26.1,4.9
2026-04-11T04:11:00Z,-22.913553,-43.179877,7.8,27.8,4.0
2026-04-11T04:11:01Z,-22.913537,-43.179847,8.0,29.4,4.3
2026-04-11T04:11:02Z,-22.91352,-43.179817,8.2,31.0,4.6
2026-04-11T04:11:03Z,-22.913503,-43.179788,8.5,18.0,4.9
2026-04-11T04:11:04Z,-22.913487,-43.179758,8.8,19.6,4.0
2026-04-11T04:11:05Z,-22.91347,-43.179729,9.0,21.2,4.3
2026-04-11T04:11:06Z,-22.913454,-43.179699,6.5,22.9,4.6
2026-04-11T04:11:07Z,-22.913437,-43.179669,6.8,24.5,4.9
2026-04-11T04:11:08Z,-22.913421,-43.17964,7.0,26.1,4.0
2026-04-11T04:11:09Z,-22.913404,-43.17961,7.2,27.8,4.3
2026-04-11T04:11:10Z,-22.913388,-43.179581,7.5,29.4,4.6
2026-04-11T04:11:11Z,-22.913371,-43.179551,7.8,31.0,4.9
2026-04-11T04:11:12Z,-22.913355,-43.179521,8.0,18.0,4.0
2026-04-11T04:11:13Z,-22.913338,-43.179492,8.2,19.6,4.3
2026-04-11T04:11:14Z,-22.913321,-43.179462,8.5,21.2,4.6
2026-04-11T04:11:15Z,-22.913305,-43.179432,8.8,22.9,4.9
2026-04-11T04:11:16Z,-22.913288,-43.179403,9.0,24.5,4.0
2026-04-11T04:11:17Z,-22.913272,-43.179373,6.5,26.1,4.3
2026-04-11T04:11:18Z,-22.913255,-43.179344,6.8,27.8,4.6
2026-04-11T04:11:19Z,-22.913239,-43.179314,7.0,29.4,4.9
2026-04-11T04:11:20Z,-22.913222,-43.179284,7.2,31.0,4.0
2026-04-11T04:11:21Z,-22.913206,-43.179255,7.5,18.0,4.3
2026-04-11T04:11:22Z,-22.913189,-43.179225,7.8,19.6,4.6
2026-04-11T04:11:23Z,-22.913173,-43.179196,8.0,21.2,4.9
2026-04-11T04:11:24Z,-22.913156,-43.179166,8.2,22.9,4.0
2026-04-11T04:11:25Z,-22.913139,-43.179136,8.5,24.5,4.3
2026-04-11T04:11:26Z,-22.913123,-43.179107,8.8,26.1,4.6
2026-04-11T04:11:27Z,-22.913106,-43.179077,9.0,27.8,4.9
2026-04-11T04:11:28Z,-22.91309,-43.179048,6.5,29.4,4.0
2026-04-11T04:11:29Z,-22.913073,-43.179018,6.8,31.0,4.3
2026-04-11T04:11:30Z,-22.913057,-43.178988,7.0,18.0,4.6
2026-04-11T04:11:31Z,-22.91304,-43.178959,7.2,19.6,4.9
2026-04-11T04:11:32Z,-22.913024,-43.178929,7.5,21.2,4.0
2026-04-11T04:11:33Z,-22.913007,-43.1789,7.8,22.9,4.3
2026-04-11T04:11:34Z,-22.912991,-43.17887,8.0,24.5,4.6
2026-04-11T04:11:35Z,-22.912974,-43.17884,8.2,26.1,4.9
2026-04-11T04:11:36Z,-22.912958,-43.178811,8.5,27.8,4.0
2026-04-11T04:11:37Z,-22.912941,-43.178781,8.8,29.4,4.3
2026-04-11T04:11:38Z,-22.912924,-43.178752,9.0,31.0,4.6
2026-04-11T04:11:39Z,-22.912908,-43.178722,6.5,18.0,4.9
2026-04-11T04:11:40Z,-22.912891,-43.178692,6.8,19.6,4.0
2026-04-11T04:11:41Z,-22.912875,-43.178663,7.0,21.2,4.3
2026-04-11T04:11:42Z,-22.912858,-43.178633,7.2,22.9,4.6
2026-04-11T04:11:43Z,-22.912842,-43.178604,7.5,24.5,4.9
2026-04-11T04:11:44Z,-22.912825,-43.178574,7.8,26.1,4.0
2026-04-11T04:11:45Z,-22.912809,-43.178544,8.0,27.8,4.3
2026-04-11T04:11:46Z,-22.912792,-43.178515,8.2,29.4,4.6
2026-04-11T04:11:47Z,-22.912776,-43.178485,8.5,31.0,4.9
2026-04-11T04:11:48Z,-22.912759,-43.178456,8.8,18.0,4.0
2026-04-11T04:11:49Z,-22.912742,-43.178426,9.0,19.6,4.3
2026-04-11T04:11:50Z,-22.912726,-43.178396,6.5,21.2,4.6
2026-04-11T04:11:51Z,-22.912709,-43.178367,6.8,22.9,4.9
2026-04-11T04:11:52Z,-22.912692,-43.178338,7.0,24.5,4.0
2026-04-11T04:11:53Z,-22.912672,-43.17831,7.2,26.1,4.3
2026-04-11T04:11:54Z,-22.912653,-43.178283,7.5,27.8,4.6
2026-04-11T04:11:55Z,-22.912634,-43.178255,7.8,29.4,4.9
2026-04-11T04:11:56Z,-22.912614,-43.178228,8.0,31.0,4.0
2026-04-11T04:11:57Z,-22.912595,-43.1782,8.2,18.0,4.3
2026-04-11T04:11:58Z,-22.912576,-43.178173,8.5,19.6,4.6
2026-04-11T04:11:59Z,-22.912557,-43.178145,8.8,21.2,4.9
2026-04-11T04:12:00Z,-22.912537,-43.178117,9.0,22.9,4.0
2026-04-11T04:12:01Z,-22.912518,-43.17809,6.5,24.5,4.3
2026-04-11T04:12:02Z,-22.912499,-43.178062,6.8,26.1,4.6
2026-04-11T04:12:03Z,-22.912479,-43.178035,7.0,27.8,4.9
2026-04-11T04:12:04Z,-22.91246,-43.178007,7.2,29.4,4.0
2026-04-11T04:12:05Z,-22.912441,-43.17798,7.5,31.0,4.3
2026-04-11T04:12:06Z,-22.912421,-43.177952,7.8,18.0,4.6
2026-04-11T04:12:07Z,-22.912402,-43.177924,8.0,19.6,4.9
2026-04-11T04:12:08Z,-22.912383,-43.177897,8.2,21.2,4.0
2026-04-11T04:12:09Z,-22.912364,-43.177869,8.5,22.9,4.3
2026-04-11T04:12:10Z,-22.912344,-43.177842,8.8,24.5,4.6
2026-04-11T04:12:11Z,-22.912325,-43.177814,9.0,26.1,4.9
2026-04-11T04:12:12Z,-22.912306,-43.177787,6.5,27.8,4.0
2026-04-11T04:12:13Z,-22.912286,-43.177759,6.8,29.4,4.3
2026-04-11T04:12:14Z,-22.912267,-43.177731,7.0,31.0,4.6
2026-04-11T04:12:15Z,-22.912248,-43.177704,7.2,18.0,4.9
2026-04-11T04:12:16Z,-22.912228,-43.177676,7.5,19.6,4.0
2026-04-11T04:12:17Z,-22.912209,-43.177649,7.8,21.2,4.3
2026-04-11T04:12:18Z,-22.91219,-43.177621,8.0,22.9,4.6
2026-04-11T04:12:19Z,-22.912171,-43.177594,8.2,24.5,4.9
2026-04-11T04:12:20Z,-22.912151,-43.177566,8.5,26.1,4.0
2026-04-11T04:12:21Z,-22.912132,-43.177539,8.8,27.8,4.3
2026-04-11T04:12:22Z,-22.912113,-43.177511,9.0,29.4,4.6
2026-04-11T04:12:23Z,-22.912093,-43.177483,6.5,31.0,4.9
2026-04-11T04:12:24Z,-22.912074,-43.177456,6.8,18.0,4.0
2026-04-11T04:12:25Z,-22.912055,-43.177428,7.0,19.6,4.3
2026-04-11T04:12:26Z,-22.912035,-43.177401,7.2,21.2,4.6
2026-04-11T04:12:27Z,-22.912016,-43.177373,7.5,22.9,4.9
2026-04-11T04:12:28Z,-22.911997,-43.177346,7.8,24.5,4.0
2026-04-11T04:12:29Z,-22.911978,-43.177318,8.0,26.1,4.3
2026-04-11T04:12:30Z,-22.911958,-43.17729,8.2,27.8,4.6
2026-04-11T04:12:31Z,-22.911939,-43.177263,8.5,29.4,4.9
2026-04-11T04:12:32Z,-22.91192,-43.177235,8.8,31.0,4.0
2026-04-11T04:12:33Z,-22.9119,-43.177208,9.0,18.0,4.3
2026-04-11T04:12:34Z,-22.911881,-43.17718,6.5,19.6,4.6
2026-04-11T04:12:35Z,-22.911862,-43.177153,6.8,21.2,4.9
2026-04-11T04:12:36Z,-22.911842,-43.177125,7.0,22.9,4.0
2026-04-11T04:12:37Z,-22.911823,-43.177097,7.2,24.5,4.3
2026-04-11T04:12:38Z,-22.911804,-43.17707,7.5,26.1,4.6
2026-04-11T04:12:39Z,-22.911785,-43.177042,7.8,27.8,4.9
2026-04-11T04:12:40Z,-22.911765,-43.177015,8.0,29.4,4.0
2026-04-11T04:12:41Z,-22.911746,-43.176987,8.2,31.0,4.3
2026-04-11T04:12:42Z,-22.911727,-43.17696,8.5,18.0,4.6
2026-04-11T04:12:43Z,-22.911707,-43.176932,8.8,19.6,4.9
2026-04-11T04:12:44Z,-22.911688,-43.176904,9.0,21.2,4.0
2026-04-11T04:12:45Z,-22.911669,-43.176877,6.5,22.9,4.3
2026-04-11T04:12:46Z,-22.911649,-43.176849,6.8,24.5,4.6
2026-04-11T04:12:47Z,-22.911623,-43.17683,7.0,26.1,4.9
2026-04-11T04:12:48Z,-22.911597,-43.17681,7.2,27.8,4.0
2026-04-11T04:12:49Z,-22.911571,-43.17679,7.5,29.4,4.3
2026-04-11T04:12:50Z,-22.911544,-43.176771,7.8,31.0,4.6
2026-04-11T04:12:51Z,-22.911518,-43.176751,8.0,18.0,4.9
2026-04-11T04:12:52Z,-22.911492,-43.176731,8.2,19.6,4.0
2026-04-11T04:12:53Z,-22.911466,-43.176712,8.5,21.2,4.3
2026-04-11T04:12:54Z,-22.911439,-43.176692,8.8,22.9,4.6
2026-04-11T04:12:55Z,-22.911413,-43.176672,9.0,24.5,4.9
2026-04-11T04:12:56Z,-22.911387,-43.176653,6.5,26.1,4.0
2026-04-11T04:12:57Z,-22.911361,-43.176633,6.8,27.8,4.3
2026-04-11T04:12:58Z,-22.911334,-43.176613,7.0,29.4,4.6
2026-04-11T04:12:59Z,-22.911308,-43.176594,7.2,31.0,4.9
2026-04-11T04:13:00Z,-22.911282,-43.176574,7.5,18.0,4.0
2026-04-11T04:13:01Z,-22.911256,-43.176554,7.8,19.6,4.3
2026-04-11T04:13:02Z,-22.911229,-43.176535,8.0,21.2,4.6
2026-04-11T04:13:03Z,-22.911203,-43.176515,8.2,22.9,4.9
2026-04-11T04:13:04Z,-22.911177,-43.176495,8.5,24.5,4.0
2026-04-11T04:13:05Z,-22.911151,-43.176476,8.8,26.1,4.3
2026-04-11T04:13:06Z,-22.911124,-43.176456,9.0,27.8,4.6
2026-04-11T04:13:07Z,-22.911098,-43.176436,6.5,29.4,4.9
2026-04-11T04:13:08Z,-22.911072,-43.176416,6.8,31.0,4.0
2026-04-11T04:13:09Z,-22.911046,-43.176397,7.0,18.0,4.3
2026-04-11T04:13:10Z,-22.91102,-43.176377,7.2,19.6,4.6
2026-04-11T04:13:11Z,-22.910993,-43.176357,7.5,21.2,4.9
2026-04-11T04:13:12Z,-22.910967,-43.176338,7.8,22.9,4.0
2026-04-11T04:13:13Z,-22.910941,-43.176318,8.0,24.5,4.3
2026-04-11T04:13:14Z,-22.910915,-43.176298,8.2,26.1,4.6
2026-04-11T04:13:15Z,-22.910888,-43.176279,8.5,27.8,4.9
2026-04-11T04:13:16Z,-22.910862,-43.176259,8.8,29.4,4.0
2026-04-11T04:13:17Z,-22.910836,-43.176239,9.0,31.0,4.3
2026-04-11T04:13:18Z,-22.91081,-43.17622,6.5,18.0,4.6
2026-04-11T04:13:19Z,-22.910783,-43.1762,6.8,19.6,4.9
2026-04-11T04:13:20Z,-22.910757,-43.17618,7.0,21.2,4.0
2026-04-11T04:13:21Z,-22.910731,-43.176161,7.2,22.9,4.3
2026-04-11T04:13:22Z,-22.910705,-43.176141,7.5,24.5,4.6
2026-04-11T04:13:23Z,-22.910678,-43.176121,7.8,26.1,4.9
2026-04-11T04:13:24Z,-22.910652,-43.176102,8.0,27.8,4.0
2026-04-11T04:13:25Z,-22.910626,-43.176082,8.2,29.4,4.3
2026-04-11T04:13:26Z,-22.9106,-43.176062,8.5,31.0,4.6
2026-04-11T04:13:27Z,-22.910573,-43.176043,8.8,18.0,4.9
2026-04-11T04:13:28Z,-22.910547,-43.176023,9.0,19.6,4.0
2026-04-11T04:13:29Z,-22.910521,-43.176003,6.5,21.2,4.3
2026-04-11T04:13:30Z,-22.910495,-43.175984,6.8,22.9,4.6
2026-04-11T04:13:31Z,-22.910468,-43.175964,7.0,24.5,4.9
2026-04-11T04:13:32Z,-22.910441,-43.175947,7.2,26.1,4.0
2026-04-11T04:13:33Z,-22.91041,-43.175937,7.5,27.8,4.3
2026-04-11T04:13:34Z,-22.91038,-43.175927,7.8,29.4,4.6
2026-04-11T04:13:35Z,-22.910349,-43.175917,8.0,31.0,4.9
2026-04-11T04:13:36Z,-22.910319,-43.175908,8.2,18.0,4.0
2026-04-11T04:13:37Z,-22.910288,-43.175898,8.5,19.6,4.3
2026-04-11T04:13:38Z,-22.910257,-43.175888,8.8,21.2,4.6
2026-04-11T04:13:39Z,-22.910227,-43.175878,9.0,22.9,4.9
2026-04-11T04:13:40Z,-22.910196,-43.175868,6.5,24.5,4.0
2026-04-11T04:13:41Z,-22.910166,-43.175858,6.8,26.1,4.3
2026-04-11T04:13:42Z,-22.910135,-43.175848,7.0,27.8,4.6
2026-04-11T04:13:43Z,-22.910105,-43.175839,7.2,29.4,4.9
2026-04-11T04:13:44Z,-22.910074,-43.175829,7.5,31.0,4.0
2026-04-11T04:13:45Z,-22.910043,-43.175819,7.8,18.0,4.3
2026-04-11T04:13:46Z,-22.910013,-43.175809,8.0,19.6,4.6
2026-04-11T04:13:47Z,-22.909982,-43.175799,8.2,21.2,4.9
2026-04-11T04:13:48Z,-22.909952,-43.175789,8.5,22.9,4.0
2026-04-11T04:13:49Z,-22.909921,-43.175779,8.8,24.5,4.3
2026-04-11T04:13:50Z,-22.909891,-43.17577,9.0,26.1,4.6
2026-04-11T04:13:51Z,-22.90986,-43.17576,6.5,27.8,4.9
2026-04-11T04:13:52Z,-22.909829,-43.17575,6.8,29.4,4.0
2026-04-11T04:13:53Z,-22.909799,-43.17574,7.0,31.0,4.3
2026-04-11T04:13:54Z,-22.909768,-43.17573,7.2,18.0,4.6
2026-04-11T04:13:55Z,-22.909738,-43.17572,7.5,19.6,4.9
2026-04-11T04:13:56Z,-22.909707,-43.17571,7.8,21.2,4.0
2026-04-11T04:13:57Z,-22.909677,-43.175701,8.0,22.9,4.3
2026-04-11T04:13:58Z,-22.909646,-43.175691,8.2,24.5,4.6
2026-04-11T04:13:59Z,-22.909615,-43.175681,8.5,26.1,4.9
2026-04-11T04:14:00Z,-22.909585,-43.175671,8.8,27.8,4.0
2026-04-11T04:14:01Z,-22.909554,-43.175661,9.0,29.4,4.3
2026-04-11T04:14:02Z,-22.909524,-43.175651,6.5,31.0,4.6
2026-04-11T04:14:03Z,-22.909493,-43.175641,6.8,18.0,4.9
2026-04-11T04:14:04Z,-22.909463,-43.175631,7.0,19.6,4.0
2026-04-11T04:14:05Z,-22.909432,-43.175622,7.2,21.2,4.3
2026-04-11T04:14:06Z,-22.909401,-43.175612,7.5,22.9,4.6
2026-04-11T04:14:07Z,-22.909371,-43.175602,7.8,24.5,4.9
2026-04-11T04:14:08Z,-22.90934,-43.175592,8.0,26.1,4.0
2026-04-11T04:14:09Z,-22.90931,-43.175582,8.2,27.8,4.3
2026-04-11T04:14:10Z,-22.909279,-43.175572,8.5,29.4,4.6
2026-04-11T04:14:11Z,-22.909249,-43.175562,8.8,31.0,4.9
2026-04-11T04:14:12Z,-22.909218,-43.175553,9.0,18.0,4.0
2026-04-11T04:14:13Z,-22.909187,-43.175543,6.5,19.6,4.3
2026-04-11T04:14:14Z,-22.909157,-43.175533,6.8,21.2,4.6
2026-04-11T04:14:15Z,-22.909126,-43.175523,7.0,22.9,4.9
2026-04-11T04:14:16Z,-22.909096,-43.175513,7.2,24.5,4.0
2026-04-11T04:14:17Z,-22.909065,-43.175503,7.5,26.1,4.3
2026-04-11T04:14:18Z,-22.909035,-43.175493,7.8,27.8,4.6
2026-04-11T04:14:19Z,-22.909004,-43.175484,8.0,29.4,4.9
2026-04-11T04:14:20Z,-22.908973,-43.175474,8.2,31.0,4.0
2026-04-11T04:14:21Z,-22.908943,-43.175464,8.5,18.0,4.3
2026-04-11T04:14:22Z,-22.908912,-43.175454,8.8,19.6,4.6
2026-04-11T04:14:23Z,-22.908881,-43.175447,9.0,21.2,4.9
2026-04-11T04:14:24Z,-22.90885,-43.175442,6.5,22.9,4.0
2026-04-11T04:14:25Z,-22.908818,-43.175437,6.8,24.5,4.3
2026-04-11T04:14:26Z,-22.908786,-43.175432,7.0,26.1,4.6
2026-04-11T04:14:27Z,-22.908755,-43.175426,7.2,27.8,4.9
2026-04-11T04:14:28Z,-22.908723,-43.175421,7.5,29.4,4.0
2026-04-11T04:14:29Z,-22.908692,-43.175416,7.8,31.0,4.3
2026-04-11T04:14:30Z,-22.90866,-43.175411,8.0,18.0,4.6
2026-04-11T04:14:31Z,-22.908629,-43.175406,8.2,19.6,4.9
2026-04-11T04:14:32Z,-22.908597,-43.175401,8.5,21.2,4.0
2026-04-11T04:14:33Z,-22.908566,-43.175396,8.8,22.9,4.3
2026-04-11T04:14:34Z,-22.908534,-43.175391,9.0,24.5,4.6
2026-04-11T04:14:35Z,-22.908503,-43.175386,6.5,26.1,4.9
2026-04-11T04:14:36Z,-22.908471,-43.17538,6.8,27.8,4.0
2026-04-11T04:14:37Z,-22.908439,-43.175375,7.0,29.4,4.3
2026-04-11T04:14:38Z,-22.908408,-43.17537,7.2,31.0,4.6
2026-04-11T04:14:39Z,-22.908376,-43.175365,7.5,18.0,4.9
2026-04-11T04:14:40Z,-22.908345,-43.17536,7.8,19.6,4.0
2026-04-11T04:14:41Z,-22.908313,-43.175355,8.0,21.2,4.3
2026-04-11T04:14:42Z,-22.908282,-43.17535,8.2,22.9,4.6
2026-04-11T04:14:43Z,-22.90825,-43.175345,8.5,24.5,4.9
2026-04-11T04:14:44Z,-22.908219,-43.17534,8.8,26.1,4.0
2026-04-11T04:14:45Z,-22.908187,-43.175334,9.0,27.8,4.3
2026-04-11T04:14:46Z,-22.908156,-43.175329,6.5,29.4,4.6
2026-04-11T04:14:47Z,-22.908124,-43.175324,6.8,31.0,4.9
2026-04-11T04:14:48Z,-22.908092,-43.175319,7.0,18.0,4.0
2026-04-11T04:14:49Z,-22.908061,-43.175314,7.2,19.6,4.3
2026-04-11T04:14:50Z,-22.908029,-43.175309,7.5,21.2,4.6
2026-04-11T04:14:51Z,-22.907998,-43.175304,7.8,22.9,4.9
2026-04-11T04:14:52Z,-22.907966,-43.175299,8.0,24.5,4.0
2026-04-11T04:14:53Z,-22.907935,-43.175293,8.2,26.1,4.3
2026-04-11T04:14:54Z,-22.907903,-43.175288,8.5,27.8,4.6
2026-04-11T04:14:55Z,-22.907872,-43.175283,8.8,29.4,4.9
2026-04-11T04:14:56Z,-22.90784,-43.175278,9.0,31.0,4.0
2026-04-11T04:14:57Z,-22.907809,-43.175273,6.5,18.0,4.3
2026-04-11T04:14:58Z,-22.907777,-43.175268,6.8,19.6,4.6
2026-04-11T04:14:59Z,-22.907745,-43.175263,7.0,21.2,4.9
2026-04-11T04:15:00Z,-22.907714,-43.175258,7.2,22.9,4.0
2026-04-11T04:15:01Z,-22.907682,-43.175253,7.5,24.5,4.3
2026-04-11T04:15:02Z,-22.907651,-43.175247,7.8,26.1,4.6
2026-04-11T04:15:03Z,-22.907619,-43.175242,8.0,27.8,4.9
2026-04-11T04:15:04Z,-22.907588,-43.175237,8.2,29.4,4.0
2026-04-11T04:15:05Z,-22.907556,-43.175232,8.5,31.0,4.3
2026-04-11T04:15:06Z,-22.907525,-43.175227,8.8,18.0,4.6
2026-04-11T04:15:07Z,-22.907493,-43.175222,9.0,19.6,4.9
2026-04-11T04:15:08Z,-22.907462,-43.175217,6.5,21.2,4.0
2026-04-11T04:15:09Z,-22.90743,-43.175212,6.8,22.9,4.3
2026-04-11T04:15:10Z,-22.907398,-43.175207,7.0,24.5,4.6
2026-04-11T04:15:11Z,-22.907367,-43.175201,7.2,26.1,4.9
2026-04-11T04:15:12Z,-22.907335,-43.175196,7.5,27.8,4.0
2026-04-11T04:15:13Z,-22.907304,-43.175191,7.8,29.4,4.3
2026-04-11T04:15:14Z,-22.907272,-43.175186,8.0,31.0,4.6
2026-04-11T04:15:15Z,-22.907241,-43.175181,8.2,18.0,4.9
2026-04-11T04:15:16Z,-22.907209,-43.175176,8.5,19.6,4.0
2026-04-11T04:15:17Z,-22.907178,-43.175171,8.8,21.2,4.3
2026-04-11T04:15:18Z,-22.907146,-43.175166,9.0,22.9,4.6
2026-04-11T04:15:19Z,-22.907115,-43.17516,6.5,24.5,4.9
2026-04-11T04:15:20Z,-22.907083,-43.175155,6.8,26.1,4.0
2026-04-11T04:15:21Z,-22.907051,-43.17515,7.0,27.8,4.3
2026-04-11T04:15:22Z,-22.90702,-43.175147,7.2,29.4,4.6
2026-04-11T04:15:23Z,-22.906988,-43.175145,7.5,31.0,4.9
2026-04-11T04:15:24Z,-22.906956,-43.175142,7.8,18.0,4.0
2026-04-11T04:15:25Z,-22.906924,-43.17514,8.0,19.6,4.3
2026-04-11T04:15:26Z,-22.906892,-43.175137,8.2,21.2,4.6
2026-04-11T04:15:27Z,-22.906861,-43.175134,8.5,22.9,4.9
2026-04-11T04:15:28Z,-22.906829,-43.175132,8.8,24.5,4.0
2026-04-11T04:15:29Z,-22.906797,-43.175129,9.0,26.1,4.3
2026-04-11T04:15:30Z,-22.906765,-43.175126,6.5,27.8,4.6
2026-04-11T04:15:31Z,-22.906733,-43.175124,6.8,29.4,4.9
2026-04-11T04:15:32Z,-22.906702,-43.175121,7.0,31.0,4.0
2026-04-11T04:15:33Z,-22.90667,-43.175118,7.2,18.0,4.3
2026-04-11T04:15:34Z,-22.906638,-43.175116,7.5,19.6,4.6
2026-04-11T04:15:35Z,-22.906606,-43.175113,7.8,21.2,4.9
2026-04-11T04:15:36Z,-22.906574,-43.17511,8.0,22.9,4.0
2026-04-11T04:15:37Z,-22.906543,-43.175108,8.2,24.5,4.3
2026-04-11T04:15:38Z,-22.906511,-43.175105,8.5,26.1,4.6
2026-04-11T04:15:39Z,-22.906479,-43.175102,8.8,27.8,4.9
2026-04-11T04:15:40Z,-22.906447,-43.1751,9.0,29.4,4.0
2026-04-11T04:15:41Z,-22.906415,-43.175097,6.5,31.0,4.3
2026-04-11T04:15:42Z,-22.906384,-43.175094,6.8,18.0,4.6
2026-04-11T04:15:43Z,-22.906352,-43.175092,7.0,19.6,4.9
2026-04-11T04:15:44Z,-22.90632,-43.175089,7.2,21.2,4.0
2026-04-11T04:15:45Z,-22.906288,-43.175087,7.5,22.9,4.3
2026-04-11T04:15:46Z,-22.906256,-43.175084,7.8,24.5,4.6
2026-04-11T04:15:47Z,-22.906225,-43.175081,8.0,26.1,4.9
2026-04-11T04:15:48Z,-22.906193,-43.175079,8.2,27.8,4.0
2026-04-11T04:15:49Z,-22.906161,-43.175076,8.5,29.4,4.3
2026-04-11T04:15:50Z,-22.906129,-43.175073,8.8,31.0,4.6
2026-04-11T04:15:51Z,-22.906097,-43.175071,9.0,18.0,4.9
2026-04-11T04:15:52Z,-22.906066,-43.175068,6.5,19.6,4.0
2026-04-11T04:15:53Z,-22.906034,-43.175065,6.8,21.2,4.3
2026-04-11T04:15:54Z,-22.906002,-43.175063,7.0,22.9,4.6
2026-04-11T04:15:55Z,-22.90597,-43.17506,7.2,24.5,4.9
2026-04-11T04:15:56Z,-22.905938,-43.175057,7.5,26.1,4.0
2026-04-11T04:15:57Z,-22.905907,-43.175055,7.8,27.8,4.3
2026-04-11T04:15:58Z,-22.905875,-43.175052,8.0,29.4,4.6
2026-04-11T04:15:59Z,-22.905843,-43.175049,8.2,31.0,4.9
2026-04-11T04:16:00Z,-22.905811,-43.175047,8.5,18.0,4.0
2026-04-11T04:16:01Z,-22.905779,-43.175044,8.8,19.6,4.3
2026-04-11T04:16:02Z,-22.905748,-43.175041,9.0,21.2,4.6
2026-04-11T04:16:03Z,-22.905716,-43.175039,6.5,22.9,4.9
2026-04-11T04:16:04Z,-22.905684,-43.175036,6.8,24.5,4.0
2026-04-11T04:16:05Z,-22.905652,-43.175034,7.0,26.1,4.3
2026-04-11T04:16:06Z,-22.90562,-43.175031,7.2,27.8,4.6
2026-04-11T04:16:07Z,-22.905589,-43.175028,7.5,29.4,4.9
2026-04-11T04:16:08Z,-22.905557,-43.175026,7.8,31.0,4.0
2026-04-11T04:16:09Z,-22.905525,-43.175023,8.0,18.0,4.3
2026-04-11T04:16:10Z,-22.905493,-43.17502,8.2,19.6,4.6
2026-04-11T04:16:11Z,-22.905461,-43.175018,8.5,21.2,4.9
2026-04-11T04:16:12Z,-22.90543,-43.175015,8.8,22.9,4.0
2026-04-11T04:16:13Z,-22.905398,-43.175012,9.0,24.5,4.3
2026-04-11T04:16:14Z,-22.905366,-43.17501,6.5,26.1,4.6
2026-04-11T04:16:15Z,-22.905334,-43.175007,6.8,27.8,4.9
2026-04-11T04:16:16Z,-22.905302,-43.175004,7.0,29.4,4.0
2026-04-11T04:16:17Z,-22.905271,-43.175002,7.2,31.0,4.3
2026-04-11T04:16:18Z,-22.905239,-43.175003,7.5,18.0,4.6
2026-04-11T04:16:19Z,-22.905209,-43.175013,7.8,19.6,4.9
2026-04-11T04:16:20Z,-22.905178,-43.175023,8.0,21.2,4.0
2026-04-11T04:16:21Z,-22.905147,-43.175033,8.2,22.9,4.3
2026-04-11T04:16:22Z,-22.905117,-43.175043,8.5,24.5,4.6
2026-04-11T04:16:23Z,-22.905086,-43.175053,8.8,26.1,4.9
2026-04-11T04:16:24Z,-22.905056,-43.175062,9.0,27.8,4.0
2026-04-11T04:16:25Z,-22.905025,-43.175072,6.5,29.4,4.3
2026-04-11T04:16:26Z,-22.904995,-43.175082,6.8,31.0,4.6
2026-04-11T04:16:27Z,-22.904964,-43.175092,7.0,18.0,4.9
2026-04-11T04:16:28Z,-22.904933,-43.175102,7.2,19.6,4.0
2026-04-11T04:16:29Z,-22.904903,-43.175112,7.5,21.2,4.3
2026-04-11T04:16:30Z,-22.904872,-43.175121,7.8,22.9,4.6
2026-04-11T04:16:31Z,-22.904842,-43.175131,8.0,24.5,4.9
2026-04-11T04:16:32Z,-22.904811,-43.175141,8.2,26.1,4.0
2026-04-11T04:16:33Z,-22.904781,-43.175151,8.5,27.8,4.3
2026-04-11T04:16:34Z,-22.90475,-43.175161,8.8,29.4,4.6
2026-04-11T04:16:35Z,-22.904719,-43.175171,9.0,31.0,4.9
2026-04-11T04:16:36Z,-22.904689,-43.17518,6.5,18.0,4.0
2026-04-11T04:16:37Z,-22.904658,-43.17519,6.8,19.6,4.3
2026-04-11T04:16:38Z,-22.904628,-43.1752,7.0,21.2,4.6
2026-04-11T04:16:39Z,-22.904597,-43.17521,7.2,22.9,4.9
2026-04-11T04:16:40Z,-22.904566,-43.17522,7.5,24.5,4.0
2026-04-11T04:16:41Z,-22.904536,-43.17523,7.8,26.1,4.3
2026-04-11T04:16:42Z,-22.904505,-43.175239,8.0,27.8,4.6
2026-04-11T04:16:43Z,-22.904475,-43.175249,8.2,29.4,4.9
2026-04-11T04:16:44Z,-22.904444,-43.175259,8.5,31.0,4.0
2026-04-11T04:16:45Z,-22.904414,-43.175269,8.8,18.0,4.3
2026-04-11T04:16:46Z,-22.904383,-43.175279,9.0,19.6,4.6
2026-04-11T04:16:47Z,-22.904352,-43.175289,6.5,21.2,4.9
2026-04-11T04:16:48Z,-22.904322,-43.175298,6.8,22.9,4.0
2026-04-11T04:16:49Z,-22.904291,-43.175308,7.0,24.5,4.3
2026-04-11T04:16:50Z,-22.904261,-43.175318,7.2,26.1,4.6
2026-04-11T04:16:51Z,-22.90423,-43.175328,7.5,27.8,4.9
2026-04-11T04:16:52Z,-22.904199,-43.175338,7.8,29.4,4.0
2026-04-11T04:16:53Z,-22.904169,-43.175348,8.0,31.0,4.3
2026-04-11T04:16:54Z,-22.904138,-43.175357,8.2,18.0,4.6
2026-04-11T04:16:55Z,-22.904108,-43.175367,8.5,19.6,4.9
2026-04-11T04:16:56Z,-22.904077,-43.175377,8.8,21.2,4.0
2026-04-11T04:16:57Z,-22.904047,-43.175387,9.0,22.9,4.3
2026-04-11T04:16:58Z,-22.904016,-43.175397,6.5,24.5,4.6
2026-04-11T04:16:59Z,-22.903985,-43.175406,6.8,26.1,4.9
2026-04-11T04:17:00Z,-22.903955,-43.175416,7.0,27.8,4.0
2026-04-11T04:17:01Z,-22.903924,-43.175426,7.2,29.4,4.3
2026-04-11T04:17:02Z,-22.903894,-43.175436,7.5,31.0,4.6
2026-04-11T04:17:03Z,-22.903863,-43.175446,7.8,18.0,4.9
2026-04-11T04:17:04Z,-22.903836,-43.175463,8.0,19.6,4.0
2026-04-11T04:17:05Z,-22.903811,-43.175485,8.2,21.2,4.3
2026-04-11T04:17:06Z,-22.903787,-43.175507,8.5,22.9,4.6
2026-04-11T04:17:07Z,-22.903762,-43.175529,8.8,24.5,4.9
2026-04-11T04:17:08Z,-22.903738,-43.175551,9.0,26.1,4.0
2026-04-11T04:17:09Z,-22.903713,-43.175573,6.5,27.8,4.3
2026-04-11T04:17:10Z,-22.903689,-43.175595,6.8,29.4,4.6
2026-04-11T04:17:11Z,-22.903664,-43.175617,7.0,31.0,4.9
2026-04-11T04:17:12Z,-22.903639,-43.175639,7.2,18.0,4.0
2026-04-11T04:17:13Z,-22.903615,-43.175662,7.5,19.6,4.3
2026-04-11T04:17:14Z,-22.90359,-43.175684,7.8,21.2,4.6
2026-04-11T04:17:15Z,-22.903566,-43.175706,8.0,22.9,4.9
2026-04-11T04:17:16Z,-22.903541,-43.175728,8.2,24.5,4.0
2026-04-11T04:17:17Z,-22.903517,-43.17575,8.5,26.1,4.3
2026-04-11T04:17:18Z,-22.903492,-43.175772,8.8,27.8,4.6
2026-04-11T04:17:19Z,-22.903468,-43.175794,9.0,29.4,4.9
2026-04-11T04:17:20Z,-22.903443,-43.175816,6.5,31.0,4.0
2026-04-11T04:17:21Z,-22.903418,-43.175838,6.8,18.0,4.3
2026-04-11T04:17:22Z,-22.903394,-43.17586,7.0,19.6,4.6
2026-04-11T04:17:23Z,-22.903369,-43.175883,7.2,21.2,4.9
2026-04-11T04:17:24Z,-22.903345,-43.175905,7.5,22.9,4.0
2026-04-11T04:17:25Z,-22.90332,-43.175927,7.8,24.5,4.3
2026-04-11T04:17:26Z,-22.903296,-43.175949,8.0,26.1,4.6
2026-04-11T04:17:27Z,-22.903271,-43.175971,8.2,27.8,4.9
2026-04-11T04:17:28Z,-22.903247,-43.175993,8.5,29.4,4.0
2026-04-11T04:17:29Z,-22.903222,-43.176015,8.8,31.0,4.3
2026-04-11T04:17:30Z,-22.903198,-43.176037,9.0,18.0,4.6
2026-04-11T04:17:31Z,-22.903173,-43.176059,6.5,19.6,4.9
2026-04-11T04:17:32Z,-22.903148,-43.176081,6.8,21.2,4.0
2026-04-11T04:17:33Z,-22.903124,-43.176104,7.0,22.9,4.3
2026-04-11T04:17:34Z,-22.903099,-43.176126,7.2,24.5,4.6
2026-04-11T04:17:35Z,-22.903075,-43.176148,7.5,26.1,4.9
2026-04-11T04:17:36Z,-22.90305,-43.17617,7.8,27.8,4.0
2026-04-11T04:17:37Z,-22.903026,-43.176192,8.0,29.4,4.3
2026-04-11T04:17:38Z,-22.903001,-43.176214,8.2,31.0,4.6
2026-04-11T04:17:39Z,-22.902977,-43.176236,8.5,18.0,4.9
2026-04-11T04:17:40Z,-22.902952,-43.176258,8.8,19.6,4.0
2026-04-11T04:17:41Z,-22.902927,-43.17628,9.0,21.2,4.3
2026-04-11T04:17:42Z,-22.902903,-43.176302,6.5,22.9,4.6
2026-04-11T04:17:43Z,-22.902878,-43.176325,6.8,24.5,4.9
2026-04-11T04:17:44Z,-22.902854,-43.176347,7.0,26.1,4.0
2026-04-11T04:17:45Z,-22.902841,-43.176378,7.2,27.8,4.3
2026-04-11T04:17:46Z,-22.902831,-43.176411,7.5,29.4,4.6
2026-04-11T04:17:47Z,-22.902821,-43.176443,7.8,31.0,4.9
2026-04-11T04:17:48Z,-22.902811,-43.176476,8.0,18.0,4.0
2026-04-11T04:17:49Z,-22.9028,-43.176509,8.2,19.6,4.3
2026-04-11T04:17:50Z,-22.90279,-43.176542,8.5,21.2,4.6
2026-04-11T04:17:51Z,-22.90278,-43.176575,8.8,22.9,4.9
2026-04-11T04:17:52Z,-22.90277,-43.176607,9.0,24.5,4.0
2026-04-11T04:17:53Z,-22.902759,-43.17664,6.5,26.1,4.3
2026-04-11T04:17:54Z,-22.902749,-43.176673,6.8,27.8,4.6
2026-04-11T04:17:55Z,-22.902739,-43.176706,7.0,29.4,4.9
2026-04-11T04:17:56Z,-22.902729,-43.176738,7.2,31.0,4.0
2026-04-11T04:17:57Z,-22.902718,-43.176771,7.5,18.0,4.3
2026-04-11T04:17:58Z,-22.902708,-43.176804,7.8,19.6,4.6
2026-04-11T04:17:59Z,-22.902698,-43.176837,8.0,21.2,4.9
2026-04-11T04:18:00Z,-22.902688,-43.17687,8.2,22.9,4.0
2026-04-11T04:18:01Z,-22.902677,-43.176902,8.5,24.5,4.3
2026-04-11T04:18:02Z,-22.902667,-43.176935,8.8,26.1,4.6
2026-04-11T04:18:03Z,-22.902657,-43.176968,9.0,27.8,4.9
2026-04-11T04:18:04Z,-22.902647,-43.177001,6.5,29.4,4.0
2026-04-11T04:18:05Z,-22.902636,-43.177034,6.8,31.0,4.3
2026-04-11T04:18:06Z,-22.902626,-43.177066,7.0,18.0,4.6
2026-04-11T04:18:07Z,-22.902616,-43.177099,7.2,19.6,4.9
2026-04-11T04:18:08Z,-22.902606,-43.177132,7.5,21.2,4.0
2026-04-11T04:18:09Z,-22.902595,-43.177165,7.8,22.9,4.3
2026-04-11T04:18:10Z,-22.902585,-43.177197,8.0,24.5,4.6
2026-04-11T04:18:11Z,-22.902575,-43.17723,8.2,26.1,4.9
2026-04-11T04:18:12Z,-22.902565,-43.177263,8.5,27.8,4.0
2026-04-11T04:18:13Z,-22.902554,-43.177296,8.8,29.4,4.3
2026-04-11T04:18:14Z,-22.902544,-43.177329,9.0,31.0,4.6
2026-04-11T04:18:15Z,-22.902534,-43.177361,6.5,18.0,4.9
2026-04-11T04:18:16Z,-22.902524,-43.177394,6.8,19.6,4.0
2026-04-11T04:18:17Z,-22.902513,-43.177427,7.0,21.2,4.3
2026-04-11T04:18:18Z,-22.902503,-43.17746,7.2,22.9,4.6
2026-04-11T04:18:19Z,-22.902493,-43.177493,7.5,24.5,4.9
2026-04-11T04:18:20Z,-22.902483,-43.177525,7.8,26.1,4.0
2026-04-11T04:18:21Z,-22.902472,-43.177558,8.0,27.8,4.3
2026-04-11T04:18:22Z,-22.902462,-43.177591,8.2,29.4,4.6
2026-04-11T04:18:23Z,-22.902452,-43.177624,8.5,31.0,4.9
2026-04-11T04:18:24Z,-22.902442,-43.177657,8.8,18.0,4.0
2026-04-11T04:18:25Z,-22.902431,-43.177689,9.0,19.6,4.3
2026-04-11T04:18:26Z,-22.902421,-43.177722,6.5,21.2,4.6
2026-04-11T04:18:27Z,-22.902411,-43.177755,6.8,22.9,4.9
2026-04-11T04:18:28Z,-22.902401,-43.177788,7.0,24.5,4.0
2026-04-11T04:18:29Z,-22.90239,-43.17782,7.2,26.1,4.3
2026-04-11T04:18:30Z,-22.90238,-43.177853,7.5,27.8,4.6
2026-04-11T04:18:31Z,-22.90237,-43.177886,7.8,29.4,4.9
2026-04-11T04:18:32Z,-22.90236,-43.177919,8.0,31.0,4.0
2026-04-11T04:18:33Z,-22.902351,-43.177951,8.2,18.0,4.3
2026-04-11T04:18:34Z,-22.902368,-43.177981,8.5,19.6,4.6
2026-04-11T04:18:35Z,-22.902385,-43.17801,8.8,21.2,4.9
2026-04-11T04:18:36Z,-22.902402,-43.17804,9.0,22.9,4.0
2026-04-11T04:18:37Z,-22.902419,-43.178069,6.5,24.5,4.3
2026-04-11T04:18:38Z,-22.902435,-43.178098,6.8,26.1,4.6
2026-04-11T04:18:39Z,-22.902452,-43.178128,7.0,27.8,4.9
2026-04-11T04:18:40Z,-22.902469,-43.178157,7.2,29.4,4.0
2026-04-11T04:18:41Z,-22.902486,-43.178186,7.5,31.0,4.3
2026-04-11T04:18:42Z,-22.902503,-43.178216,7.8,18.0,4.6
2026-04-11T04:18:43Z,-22.90252,-43.178245,8.0,19.6,4.9
2026-04-11T04:18:44Z,-22.902537,-43.178274,8.2,21.2,4.0
2026-04-11T04:18:45Z,-22.902554,-43.178304,8.5,22.9,4.3
2026-04-11T04:18:46Z,-22.902571,-43.178333,8.8,24.5,4.6
2026-04-11T04:18:47Z,-22.902588,-43.178362,9.0,26.1,4.9
2026-04-11T04:18:48Z,-22.902605,-43.178392,6.5,27.8,4.0
2026-04-11T04:18:49Z,-22.902622,-43.178421,6.8,29.4,4.3
2026-04-11T04:18:50Z,-22.902639,-43.17845,7.0,31.0,4.6
2026-04-11T04:18:51Z,-22.902656,-43.17848,7.2,18.0,4.9
2026-04-11T04:18:52Z,-22.902673,-43.178509,7.5,19.6,4.0
2026-04-11T04:18:53Z,-22.902689,-43.178538,7.8,21.2,4.3
2026-04-11T04:18:54Z,-22.902706,-43.178568,8.0,22.9,4.6
2026-04-11T04:18:55Z,-22.902723,-43.178597,8.2,24.5,4.9
2026-04-11T04:18:56Z,-22.90274,-43.178626,8.5,26.1,4.0
2026-04-11T04:18:57Z,-22.902757,-43.178656,8.8,27.8,4.3
2026-04-11T04:18:58Z,-22.902774,-43.178685,9.0,29.4,4.6
2026-04-11T04:18:59Z,-22.902791,-43.178714,6.5,31.0,4.9
2026-04-11T04:19:00Z,-22.902808,-43.178744,6.8,18.0,4.0
2026-04-11T04:19:01Z,-22.902825,-43.178773,7.0,19.6,4.3
2026-04-11T04:19:02Z,-22.902842,-43.178802,7.2,21.2,4.6
2026-04-11T04:19:03Z,-22.902859,-43.178832,7.5,22.9,4.9
2026-04-11T04:19:04Z,-22.902876,-43.178861,7.8,24.5,4.0
2026-04-11T04:19:05Z,-22.902893,-43.17889,8.0,26.1,4.3
2026-04-11T04:19:06Z,-22.90291,-43.17892,8.2,27.8,4.6
2026-04-11T04:19:07Z,-22.902926,-43.178949,8.5,29.4,4.9
2026-04-11T04:19:08Z,-22.902943,-43.178979,8.8,31.0,4.0
2026-04-11T04:19:09Z,-22.90296,-43.179008,9.0,18.0,4.3
2026-04-11T04:19:10Z,-22.902977,-43.179037,6.5,19.6,4.6
2026-04-11T04:19:11Z,-22.902994,-43.179067,6.8,21.2,4.9
2026-04-11T04:19:12Z,-22.903011,-43.179096,7.0,22.9,4.0
2026-04-11T04:19:13Z,-22.903028,-43.179125,7.2,24.5,4.3
2026-04-11T04:19:14Z,-22.903045,-43.179155,7.5,26.1,4.6
2026-04-11T04:19:15Z,-22.903062,-43.179184,7.8,27.8,4.9
2026-04-11T04:19:16Z,-22.903079,-43.179213,8.0,29.4,4.0
2026-04-11T04:19:17Z,-22.903096,-43.179243,8.2,31.0,4.3
2026-04-11T04:19:18Z,-22.903122,-43.179261,8.5,18.0,4.6
2026-04-11T04:19:19Z,-22.903151,-43.179275,8.8,19.6,4.9
2026-04-11T04:19:20Z,-22.90318,-43.179289,9.0,21.2,4.0
2026-04-11T04:19:21Z,-22.903209,-43.179303,6.5,22.9,4.3
2026-04-11T04:19:22Z,-22.903238,-43.179317,6.8,24.5,4.6
2026-04-11T04:19:23Z,-22.903267,-43.179331,7.0,26.1,4.9
2026-04-11T04:19:24Z,-22.903297,-43.179345,7.2,27.8,4.0
2026-04-11T04:19:25Z,-22.903326,-43.179359,7.5,29.4,4.3
2026-04-11T04:19:26Z,-22.903355,-43.179373,7.8,31.0,4.6
2026-04-11T04:19:27Z,-22.903384,-43.179387,8.0,18.0,4.9
2026-04-11T04:19:28Z,-22.903413,-43.179402,8.2,19.6,4.0
2026-04-11T04:19:29Z,-22.903442,-43.179416,8.5,21.2,4.3
2026-04-11T04:19:30Z,-22.903471,-43.17943,8.8,22.9,4.6
2026-04-11T04:19:31Z,-22.903501,-43.179444,9.0,24.5,4.9
2026-04-11T04:19:32Z,-22.90353,-43.179458,6.5,26.1,4.0
2026-04-11T04:19:33Z,-22.903559,-43.179472,6.8,27.8,4.3
2026-04-11T04:19:34Z,-22.903588,-43.179486,7.0,29.4,4.6
2026-04-11T04:19:35Z,-22.903617,-43.1795,7.2,31.0,4.9
2026-04-11T04:19:36Z,-22.903646,-43.179514,7.5,18.0,4.0
2026-04-11T04:19:37Z,-22.903675,-43.179528,7.8,19.6,4.3
2026-04-11T04:19:38Z,-22.903704,-43.179542,8.0,21.2,4.6
2026-04-11T04:19:39Z,-22.903734,-43.179557,8.2,22.9,4.9
2026-04-11T04:19:40Z,-22.903763,-43.179571,8.5,24.5,4.0
2026-04-11T04:19:41Z,-22.903792,-43.179585,8.8,26.1,4.3
2026-04-11T04:19:42Z,-22.903821,-43.179599,9.0,27.8,4.6
2026-04-11T04:19:43Z,-22.90385,-43.179613,6.5,29.4,4.9
2026-04-11T04:19:44Z,-22.903879,-43.179627,6.8,31.0,4.0
2026-04-11T04:19:45Z,-22.903908,-43.179641,7.0,18.0,4.3
2026-04-11T04:19:46Z,-22.903937,-43.179655,7.2,19.6,4.6
2026-04-11T04:19:47Z,-22.903967,-43.179669,7.5,21.2,4.9
2026-04-11T04:19:48Z,-22.903996,-43.179683,7.8,22.9,4.0
2026-04-11T04:19:49Z,-22.904025,-43.179698,8.0,24.5,4.3
2026-04-11T04:19:50Z,-22.904054,-43.179712,8.2,26.1,4.6
2026-04-11T04:19:51Z,-22.904083,-43.179726,8.5,27.8,4.9
2026-04-11T04:19:52Z,-22.904112,-43.17974,8.8,29.4,4.0
2026-04-11T04:19:53Z,-22.904141,-43.179754,9.0,31.0,4.3
2026-04-11T04:19:54Z,-22.904171,-43.179768,6.5,18.0,4.6
2026-04-11T04:19:55Z,-22.9042,-43.179782,6.8,19.6,4.9
2026-04-11T04:19:56Z,-22.904229,-43.179796,7.0,21.2,4.0
2026-04-11T04:19:57Z,-22.904258,-43.17981,7.2,22.9,4.3
2026-04-11T04:19:58Z,-22.904287,-43.179824,7.5,24.5,4.6
2026-04-11T04:19:59Z,-22.904316,-43.179838,7.8,26.1,4.9
2026-04-11T04:20:00Z,-22.904345,-43.179853,8.0,27.8,4.0
2026-04-11T04:20:01Z,-22.904374,-43.179867,8.2,29.4,4.3
2026-04-11T04:20:02Z,-22.904404,-43.179881,8.5,31.0,4.6
2026-04-11T04:20:03Z,-22.904433,-43.179895,8.8,18.0,4.9
2026-04-11T04:20:04Z,-22.904462,-43.179909,9.0,19.6,4.0
2026-04-11T04:20:05Z,-22.904491,-43.179923,6.5,21.2,4.3
2026-04-11T04:20:06Z,-22.90452,-43.179937,6.8,22.9,4.6
2026-04-11T04:20:07Z,-22.904549,-43.179951,7.0,24.5,4.9
2026-04-11T04:20:08Z,-22.904578,-43.179965,7.2,26.1,4.0
2026-04-11T04:20:09Z,-22.904608,-43.179979,7.5,27.8,4.3
2026-04-11T04:20:10Z,-22.904637,-43.179994,7.8,29.4,4.6
2026-04-11T04:20:11Z,-22.904667,-43.180003,8.0,31.0,4.9
2026-04-11T04:20:12Z,-22.904699,-43.180009,8.2,18.0,4.0
2026-04-11T04:20:13Z,-22.90473,-43.180014,8.5,19.6,4.3
2026-04-11T04:20:14Z,-22.904762,-43.18002,8.8,21.2,4.6
2026-04-11T04:20:15Z,-22.904793,-43.180025,9.0,22.9,4.9
2026-04-11T04:20:16Z,-22.904824,-43.180031,6.5,24.5,4.0
2026-04-11T04:20:17Z,-22.904856,-43.180036,6.8,26.1,4.3
2026-04-11T04:20:18Z,-22.904887,-43.180042,7.0,27.8,4.6
2026-04-11T04:20:19Z,-22.904919,-43.180047,7.2,29.4,4.9
2026-04-11T04:20:20Z,-22.90495,-43.180053,7.5,31.0,4.0
2026-04-11T04:20:21Z,-22.904982,-43.180059,7.8,18.0,4.3
2026-04-11T04:20:22Z,-22.905013,-43.180064,8.0,19.6,4.6
2026-04-11T04:20:23Z,-22.905045,-43.18007,8.2,21.2,4.9
2026-04-11T04:20:24Z,-22.905076,-43.180075,8.5,22.9,4.0
2026-04-11T04:20:25Z,-22.905108,-43.180081,8.8,24.5,4.3
2026-04-11T04:20:26Z,-22.905139,-43.180086,9.0,26.1,4.6
2026-04-11T04:20:27Z,-22.905171,-43.180092,6.5,27.8,4.9
2026-04-11T04:20:28Z,-22.905202,-43.180097,6.8,29.4,4.0
2026-04-11T04:20:29Z,-22.905234,-43.180103,7.0,31.0,4.3
2026-04-11T04:20:30Z,-22.905265,-43.180109,7.2,18.0,4.6
2026-04-11T04:20:31Z,-22.905297,-43.180114,7.5,19.6,4.9
2026-04-11T04:20:32Z,-22.905328,-43.18012,7.8,21.2,4.0
2026-04-11T04:20:33Z,-22.90536,-43.180125,8.0,22.9,4.3
2026-04-11T04:20:34Z,-22.905391,-43.180131,8.2,24.5,4.6
2026-04-11T04:20:35Z,-22.905423,-43.180136,8.5,26.1,4.9
2026-04-11T04:20:36Z,-22.905454,-43.180142,8.8,27.8,4.0
2026-04-11T04:20:37Z,-22.905486,-43.180147,9.0,29.4,4.3
2026-04-11T04:20:38Z,-22.905517,-43.180153,6.5,31.0,4.6
2026-04-11T04:20:39Z,-22.905549,-43.180159,6.8,18.0,4.9
2026-04-11T04:20:40Z,-22.90558,-43.180164,7.0,19.6,4.0
2026-04-11T04:20:41Z,-22.905612,-43.18017,7.2,21.2,4.3
2026-04-11T04:20:42Z,-22.905643,-43.180175,7.5,22.9,4.6
2026-04-11T04:20:43Z,-22.905674,-43.180181,7.8,24.5,4.9
2026-04-11T04:20:44Z,-22.905706,-43.180186,8.0,26.1,4.0
2026-04-11T04:20:45Z,-22.905737,-43.180192,8.2,27.8,4.3
2026-04-11T04:20:46Z,-22.905769,-43.180197,8.5,29.4,4.6
2026-04-11T04:20:47Z,-22.9058,-43.180203,8.8,31.0,4.9
2026-04-11T04:20:48Z,-22.905832,-43.180209,9.0,18.0,4.0
2026-04-11T04:20:49Z,-22.905863,-43.180214,6.5,19.6,4.3
2026-04-11T04:20:50Z,-22.905895,-43.18022,6.8,21.2,4.6
2026-04-11T04:20:51Z,-22.905926,-43.180225,7.0,22.9,4.9
2026-04-11T04:20:52Z,-22.905958,-43.180231,7.2,24.5,4.0
2026-04-11T04:20:53Z,-22.905989,-43.180236,7.5,26.1,4.3
2026-04-11T04:20:54Z,-22.906021,-43.180242,7.8,27.8,4.6
2026-04-11T04:20:55Z,-22.906052,-43.180247,8.0,29.4,4.9
2026-04-11T04:20:56Z,-22.906084,-43.180253,8.2,31.0,4.0
2026-04-11T04:20:57Z,-22.906115,-43.180259,8.5,18.0,4.3
2026-04-11T04:20:58Z,-22.906147,-43.180264,8.8,19.6,4.6
2026-04-11T04:20:59Z,-22.906178,-43.18027,9.0,21.2,4.9
2026-04-11T04:21:00Z,-22.90621,-43.180275,6.5,22.9,4.0
2026-04-11T04:21:01Z,-22.906241,-43.180281,6.8,24.5,4.3
2026-04-11T04:21:02Z,-22.906273,-43.180286,7.0,26.1,4.6
2026-04-11T04:21:03Z,-22.906304,-43.180292,7.2,27.8,4.9
2026-04-11T04:21:04Z,-22.906336,-43.180297,7.5,29.4,4.0
2026-04-11T04:21:05Z,-22.906367,-43.180303,7.8,31.0,4.3
2026-04-11T04:21:06Z,-22.906398,-43.180309,8.0,18.0,4.6
2026-04-11T04:21:07Z,-22.90643,-43.180316,8.2,19.6,4.9
2026-04-11T04:21:08Z,-22.906461,-43.180322,8.5,21.2,4.0
2026-04-11T04:21:09Z,-22.906493,-43.180328,8.8,22.9,4.3
2026-04-11T04:21:10Z,-22.906524,-43.180334,9.0,24.5,4.6
2026-04-11T04:21:11Z,-22.906555,-43.18034,6.5,26.1,4.9
2026-04-11T04:21:12Z,-22.906587,-43.180346,6.8,27.8,4.0
2026-04-11T04:21:13Z,-22.906618,-43.180352,7.0,29.4,4.3
2026-04-11T04:21:14Z,-22.90665,-43.180358,7.2,31.0,4.6
2026-04-11T04:21:15Z,-22.906681,-43.180364,7.5,18.0,4.9
2026-04-11T04:21:16Z,-22.906712,-43.18037,7.8,19.6,4.0
2026-04-11T04:21:17Z,-22.906744,-43.180377,8.0,21.2,4.3
2026-04-11T04:21:18Z,-22.906775,-43.180383,8.2,22.9,4.6
2026-04-11T04:21:19Z,-22.906807,-43.180389,8.5,24.5,4.9
2026-04-11T04:21:20Z,-22.906838,-43.180395,8.8,26.1,4.0
2026-04-11T04:21:21Z,-22.906869,-43.180401,9.0,27.8,4.3
2026-04-11T04:21:22Z,-22.906901,-43.180407,6.5,29.4,4.6
2026-04-11T04:21:23Z,-22.906932,-43.180413,6.8,31.0,4.9
2026-04-11T04:21:24Z,-22.906964,-43.180419,7.0,18.0,4.0
2026-04-11T04:21:25Z,-22.906995,-43.180425,7.2,19.6,4.3
2026-04-11T04:21:26Z,-22.907026,-43.180432,7.5,21.2,4.6
2026-04-11T04:21:27Z,-22.907058,-43.180438,7.8,22.9,4.9
2026-04-11T04:21:28Z,-22.907089,-43.180444,8.0,24.5,4.0
2026-04-11T04:21:29Z,-22.907121,-43.18045,8.2,26.1,4.3
2026-04-11T04:21:30Z,-22.907152,-43.180456,8.5,27.8,4.6
2026-04-11T04:21:31Z,-22.907183,-43.180462,8.8,29.4,4.9
2026-04-11T04:21:32Z,-22.907215,-43.180468,9.0,31.0,4.0
2026-04-11T04:21:33Z,-22.907246,-43.180474,6.5,18.0,4.3
2026-04-11T04:21:34Z,-22.907277,-43.18048,6.8,19.6,4.6
2026-04-11T04:21:35Z,-22.907309,-43.180486,7.0,21.2,4.9
2026-04-11T04:21:36Z,-22.90734,-43.180493,7.2,22.9,4.0
2026-04-11T04:21:37Z,-22.907372,-43.180499,7.5,24.5,4.3
2026-04-11T04:21:38Z,-22.907403,-43.180505,7.8,26.1,4.6
2026-04-11T04:21:39Z,-22.907434,-43.180511,8.0,27.8,4.9
2026-04-11T04:21:40Z,-22.907466,-43.180517,8.2,29.4,4.0
2026-04-11T04:21:41Z,-22.907497,-43.180523,8.5,31.0,4.3
2026-04-11T04:21:42Z,-22.907529,-43.180529,8.8,18.0,4.6
2026-04-11T04:21:43Z,-22.90756,-43.180535,9.0,19.6,4.9
2026-04-11T04:21:44Z,-22.907591,-43.180541,6.5,21.2,4.0
2026-04-11T04:21:45Z,-22.907623,-43.180547,6.8,22.9,4.3
2026-04-11T04:21:46Z,-22.907654,-43.180554,7.0,24.5,4.6
2026-04-11T04:21:47Z,-22.907686,-43.18056,7.2,26.1,4.9
2026-04-11T04:21:48Z,-22.907717,-43.180566,7.5,27.8,4.0
2026-04-11T04:21:49Z,-22.907748,-43.180572,7.8,29.4,4.3
2026-04-11T04:21:50Z,-22.90778,-43.180578,8.0,31.0,4.6
2026-04-11T04:21:51Z,-22.907811,-43.180584,8.2,18.0,4.9
2026-04-11T04:21:52Z,-22.907843,-43.18059,8.5,19.6,4.0
2026-04-11T04:21:53Z,-22.907874,-43.180596,8.8,21.2,4.3
2026-04-11T04:21:54Z,-22.907905,-43.180602,9.0,22.9,4.6
2026-04-11T04:21:55Z,-22.907937,-43.180609,6.5,24.5,4.9
2026-04-11T04:21:56Z,-22.907968,-43.180615,6.8,26.1,4.0
2026-04-11T04:21:57Z,-22.908,-43.180621,7.0,27.8,4.3
2026-04-11T04:21:58Z,-22.908031,-43.180627,7.2,29.4,4.6
2026-04-11T04:21:59Z,-22.908062,-43.180633,7.5,31.0,4.9
2026-04-11T04:22:00Z,-22.908094,-43.180639,7.8,18.0,4.0
2026-04-11T04:22:01Z,-22.908125,-43.180645,8.0,19.6,4.3
2026-04-11T04:22:02Z,-22.908157,-43.180651,8.2,21.2,4.6
2026-04-11T04:22:03Z,-22.908188,-43.180657,8.5,22.9,4.9
2026-04-11T04:22:04Z,-22.908219,-43.180663,8.8,24.5,4.0
2026-04-11T04:22:05Z,-22.908251,-43.180669,9.0,26.1,4.3
2026-04-11T04:22:06Z,-22.908282,-43.180674,6.5,27.8,4.6
2026-04-11T04:22:07Z,-22.908314,-43.18068,6.8,29.4,4.9
2026-04-11T04:22:08Z,-22.908345,-43.180686,7.0,31.0,4.0
2026-04-11T04:22:09Z,-22.908377,-43.180692,7.2,18.0,4.3
2026-04-11T04:22:10Z,-22.908408,-43.180698,7.5,19.6,4.6
2026-04-11T04:22:11Z,-22.90844,-43.180703,7.8,21.2,4.9
2026-04-11T04:22:12Z,-22.908471,-43.180709,8.0,22.9,4.0
2026-04-11T04:22:13Z,-22.908502,-43.180715,8.2,24.5,4.3
2026-04-11T04:22:14Z,-22.908534,-43.180721,8.5,26.1,4.6
2026-04-11T04:22:15Z,-22.908565,-43.180727,8.8,27.8,4.9
2026-04-11T04:22:16Z,-22.908597,-43.180732,9.0,29.4,4.0
2026-04-11T04:22:17Z,-22.908628,-43.180738,6.5,31.0,4.3
2026-04-11T04:22:18Z,-22.90866,-43.180744,6.8,18.0,4.6
2026-04-11T04:22:19Z,-22.908691,-43.18075,7.0,19.6,4.9
2026-04-11T04:22:20Z,-22.908723,-43.180755,7.2,21.2,4.0
2026-04-11T04:22:21Z,-22.908754,-43.180761,7.5,22.9,4.3
2026-04-11T04:22:22Z,-22.908785,-43.180767,7.8,24.5,4.6
2026-04-11T04:22:23Z,-22.908817,-43.180773,8.0,26.1,4.9
2026-04-11T04:22:24Z,-22.908848,-43.180779,8.2,27.8,4.0
2026-04-11T04:22:25Z,-22.90888,-43.180784,8.5,29.4,4.3
2026-04-11T04:22:26Z,-22.908911,-43.18079,8.8,31.0,4.6
2026-04-11T04:22:27Z,-22.908943,-43.180796,9.0,18.0,4.9
2026-04-11T04:22:28Z,-22.908974,-43.180802,6.5,19.6,4.0
2026-04-11T04:22:29Z,-22.909006,-43.180808,6.8,21.2,4.3
2026-04-11T04:22:30Z,-22.909037,-43.180813,7.0,22.9,4.6
2026-04-11T04:22:31Z,-22.909068,-43.180819,7.2,24.5,4.9
2026-04-11T04:22:32Z,-22.9091,-43.180825,7.5,26.1,4.0
2026-04-11T04:22:33Z,-22.909131,-43.180831,7.8,27.8,4.3
2026-04-11T04:22:34Z,-22.909163,-43.180837,8.0,29.4,4.6
2026-04-11T04:22:35Z,-22.909194,-43.180842,8.2,31.0,4.9
2026-04-11T04:22:36Z,-22.909226,-43.180848,8.5,18.0,4.0
2026-04-11T04:22:37Z,-22.909257,-43.180854,8.8,19.6,4.3
2026-04-11T04:22:38Z,-22.909289,-43.18086,9.0,21.2,4.6
2026-04-11T04:22:39Z,-22.90932,-43.180866,6.5,22.9,4.9
2026-04-11T04:22:40Z,-22.909351,-43.180871,6.8,24.5,4.0
2026-04-11T04:22:41Z,-22.909383,-43.180877,7.0,26.1,4.3
2026-04-11T04:22:42Z,-22.909414,-43.180883,7.2,27.8,4.6
2026-04-11T04:22:43Z,-22.909446,-43.180889,7.5,29.4,4.9
2026-04-11T04:22:44Z,-22.909477,-43.180894,7.8,31.0,4.0
2026-04-11T04:22:45Z,-22.909509,-43.1809,8.0,18.0,4.3
2026-04-11T04:22:46Z,-22.90954,-43.180906,8.2,19.6,4.6
2026-04-11T04:22:47Z,-22.909572,-43.180912,8.5,21.2,4.9
2026-04-11T04:22:48Z,-22.909603,-43.180918,8.8,22.9,4.0
2026-04-11T04:22:49Z,-22.909634,-43.180923,9.0,24.5,4.3
2026-04-11T04:22:50Z,-22.909666,-43.180929,6.5,26.1,4.6
2026-04-11T04:22:51Z,-22.909697,-43.180935,6.8,27.8,4.9
2026-04-11T04:22:52Z,-22.909729,-43.180941,7.0,29.4,4.0
2026-04-11T04:22:53Z,-22.90976,-43.180947,7.2,31.0,4.3
2026-04-11T04:22:54Z,-22.909792,-43.180952,7.5,18.0,4.6
2026-04-11T04:22:55Z,-22.909823,-43.180958,7.8,19.6,4.9
2026-04-11T04:22:56Z,-22.909855,-43.180964,8.0,21.2,4.0
2026-04-11T04:22:57Z,-22.909886,-43.18097,8.2,22.9,4.3
2026-04-11T04:22:58Z,-22.909917,-43.180976,8.5,24.5,4.6
2026-04-11T04:22:59Z,-22.909949,-43.180981,8.8,26.1,4.9
2026-04-11T04:23:00Z,-22.90998,-43.180987,9.0,27.8,4.0
2026-04-11T04:23:01Z,-22.910012,-43.180993,6.5,29.4,4.3
2026-04-11T04:23:02Z,-22.910043,-43.180999,6.8,31.0,4.6
2026-04-11T04:23:03Z,-22.910075,-43.181004,7.0,18.0,4.9
2026-04-11T04:23:04Z,-22.910106,-43.181008,7.2,19.6,4.0
2026-04-11T04:23:05Z,-22.910138,-43.181013,7.5,21.2,4.3
2026-04-11T04:23:06Z,-22.91017,-43.181018,7.8,22.9,4.6
2026-04-11T04:23:07Z,-22.910201,-43.181023,8.0,24.5,4.9
2026-04-11T04:23:08Z,-22.910233,-43.181027,8.2,26.1,4.0
2026-04-11T04:23:09Z,-22.910264,-43.181032,8.5,27.8,4.3
2026-04-11T04:23:10Z,-22.910296,-43.181037,8.8,29.4,4.6
2026-04-11T04:23:11Z,-22.910328,-43.181042,9.0,31.0,4.9
2026-04-11T04:23:12Z,-22.910359,-43.181046,6.5,18.0,4.0
2026-04-11T04:23:13Z,-22.910391,-43.181051,6.8,19.6,4.3
2026-04-11T04:23:14Z,-22.910422,-43.181056,7.0,21.2,4.6
2026-04-11T04:23:15Z,-22.910454,-43.181061,7.2,22.9,4.9
2026-04-11T04:23:16Z,-22.910486,-43.181065,7.5,24.5,4.0
2026-04-11T04:23:17Z,-22.910517,-43.18107,7.8,26.1,4.3
2026-04-11T04:23:18Z,-22.910549,-43.181075,8.0,27.8,4.6
2026-04-11T04:23:19Z,-22.91058,-43.18108,8.2,29.4,4.9
2026-04-11T04:23:20Z,-22.910612,-43.181084,8.5,31.0,4.0
2026-04-11T04:23:21Z,-22.910644,-43.181089,8.8,18.0,4.3
2026-04-11T04:23:22Z,-22.910675,-43.181094,9.0,19.6,4.6
2026-04-11T04:23:23Z,-22.910707,-43.181099,6.5,21.2,4.9
2026-04-11T04:23:24Z,-22.910738,-43.181103,6.8,22.9,4.0
2026-04-11T04:23:25Z,-22.91077,-43.181108,7.0,24.5,4.3
2026-04-11T04:23:26Z,-22.910802,-43.181113,7.2,26.1,4.6
2026-04-11T04:23:27Z,-22.910833,-43.181117,7.5,27.8,4.9
2026-04-11T04:23:28Z,-22.910865,-43.181122,7.8,29.4,4.0
2026-04-11T04:23:29Z,-22.910896,-43.181127,8.0,31.0,4.3
2026-04-11T04:23:30Z,-22.910928,-43.181132,8.2,18.0,4.6
2026-04-11T04:23:31Z,-22.910959,-43.181136,8.5,19.6,4.9
2026-04-11T04:23:32Z,-22.910991,-43.181141,8.8,21.2,4.0
2026-04-11T04:23:33Z,-22.911023,-43.181146,9.0,22.9,4.3
2026-04-11T04:23:34Z,-22.911054,-43.181151,6.5,24.5,4.6
2026-04-11T04:23:35Z,-22.911086,-43.181155,6.8,26.1,4.9
2026-04-11T04:23:36Z,-22.911117,-43.18116,7.0,27.8,4.0
2026-04-11T04:23:37Z,-22.911149,-43.181165,7.2,29.4,4.3
2026-04-11T04:23:38Z,-22.911181,-43.18117,7.5,31.0,4.6
2026-04-11T04:23:39Z,-22.911212,-43.181174,7.8,18.0,4.9
2026-04-11T04:23:40Z,-22.911244,-43.181179,8.0,19.6,4.0
2026-04-11T04:23:41Z,-22.911275,-43.181184,8.2,21.2,4.3
2026-04-11T04:23:42Z,-22.911307,-43.181189,8.5,22.9,4.6
2026-04-11T04:23:43Z,-22.911339,-43.181193,8.8,24.5,4.9
2026-04-11T04:23:44Z,-22.91137,-43.181198,9.0,26.1,4.0
2026-04-11T04:23:45Z,-22.911402,-43.181203,6.5,27.8,4.3
2026-04-11T04:23:46Z,-22.911433,-43.181208,6.8,29.4,4.6
2026-04-11T04:23:47Z,-22.911465,-43.181212,7.0,31.0,4.9
2026-04-11T04:23:48Z,-22.911497,-43.181217,7.2,18.0,4.0
2026-04-11T04:23:49Z,-22.911528,-43.181222,7.5,19.6,4.3
2026-04-11T04:23:50Z,-22.91156,-43.181226,7.8,21.2,4.6
2026-04-11T04:23:51Z,-22.911591,-43.181231,8.0,22.9,4.9
2026-04-11T04:23:52Z,-22.911623,-43.181236,8.2,24.5,4.0
2026-04-11T04:23:53Z,-22.911655,-43.181241,8.5,26.1,4.3
2026-04-11T04:23:54Z,-22.911686,-43.181245,8.8,27.8,4.6
2026-04-11T04:23:55Z,-22.911718,-43.18125,9.0,29.4,4.9
2026-04-11T04:23:56Z,-22.911749,-43.181255,6.5,31.0,4.0
2026-04-11T04:23:57Z,-22.911781,-43.18126,6.8,18.0,4.3
2026-04-11T04:23:58Z,-22.911813,-43.181264,7.0,19.6,4.6
2026-04-11T04:23:59Z,-22.911844,-43.181269,7.2,21.2,4.9
2026-04-11T04:24:00Z,-22.911876,-43.181274,7.5,22.9,4.0
2026-04-11T04:24:01Z,-22.911907,-43.181279,7.8,24.5,4.3
2026-04-11T04:24:02Z,-22.911939,-43.181283,8.0,26.1,4.6
2026-04-11T04:24:03Z,-22.911971,-43.181288,8.2,27.8,4.9
2026-04-11T04:24:04Z,-22.912002,-43.181293,8.5,29.4,4.0
2026-04-11T04:24:05Z,-22.912034,-43.181298,8.8,31.0,4.3
2026-04-11T04:24:06Z,-22.912065,-43.181303,9.0,18.0,4.6
2026-04-11T04:24:07Z,-22.912097,-43.181308,6.5,19.6,4.9
2026-04-11T04:24:08Z,-22.912128,-43.181314,6.8,21.2,4.0
2026-04-11T04:24:09Z,-22.91216,-43.18132,7.0,22.9,4.3
2026-04-11T04:24:10Z,-22.912191,-43.181325,7.2,24.5,4.6
2026-04-11T04:24:11Z,-22.912223,-43.181331,7.5,26.1,4.9
2026-04-11T04:24:12Z,-22.912254,-43.181336,7.8,27.8,4.0
2026-04-11T04:24:13Z,-22.912286,-43.181342,8.0,29.4,4.3
2026-04-11T04:24:14Z,-22.912317,-43.181348,8.2,31.0,4.6
2026-04-11T04:24:15Z,-22.912348,-43.181353,8.5,18.0,4.9
2026-04-11T04:24:16Z,-22.91238,-43.181359,8.8,19.6,4.0
2026-04-11T04:24:17Z,-22.912411,-43.181365,9.0,21.2,4.3
2026-04-11T04:24:18Z,-22.912443,-43.18137,6.5,22.9,4.6
2026-04-11T04:24:19Z,-22.912474,-43.181376,6.8,24.5,4.9
2026-04-11T04:24:20Z,-22.912506,-43.181381,7.0,26.1,4.0
2026-04-11T04:24:21Z,-22.912537,-43.181387,7.2,27.8,4.3
2026-04-11T04:24:22Z,-22.912569,-43.181393,7.5,29.4,4.6
2026-04-11T04:24:23Z,-22.9126,-43.181398,7.8,31.0,4.9
2026-04-11T04:24:24Z,-22.912632,-43.181404,8.0,18.0,4.0
2026-04-11T04:24:25Z,-22.912663,-43.18141,8.2,19.6,4.3
2026-04-11T04:24:26Z,-22.912695,-43.181415,8.5,21.2,4.6
2026-04-11T04:24:27Z,-22.912726,-43.181421,8.8,22.9,4.9
2026-04-11T04:24:28Z,-22.912758,-43.181426,9.0,24.5,4.0
2026-04-11T04:24:29Z,-22.912789,-43.181432,6.5,26.1,4.3
2026-04-11T04:24:30Z,-22.912821,-43.181438,6.8,27.8,4.6
2026-04-11T04:24:31Z,-22.912852,-43.181443,7.0,29.4,4.9
2026-04-11T04:24:32Z,-22.912884,-43.181449,7.2,31.0,4.0
2026-04-11T04:24:33Z,-22.912915,-43.181454,7.5,18.0,4.3
2026-04-11T04:24:34Z,-22.912946,-43.18146,7.8,19.6,4.6
2026-04-11T04:24:35Z,-22.912978,-43.181466,8.0,21.2,4.9
2026-04-11T04:24:36Z,-22.913009,-43.181471,8.2,22.9,4.0
2026-04-11T04:24:37Z,-22.913041,-43.181477,8.5,24.5,4.3
2026-04-11T04:24:38Z,-22.913072,-43.181483,8.8,26.1,4.6
2026-04-11T04:24:39Z,-22.913104,-43.181488,9.0,27.8,4.9
2026-04-11T04:24:40Z,-22.913135,-43.181494,6.5,29.4,4.0
2026-04-11T04:24:41Z,-22.913167,-43.181499,6.8,31.0,4.3
2026-04-11T04:24:42Z,-22.913198,-43.181505,7.0,18.0,4.6
2026-04-11T04:24:43Z,-22.91323,-43.181511,7.2,19.6,4.9
2026-04-11T04:24:44Z,-22.913261,-43.181516,7.5,21.2,4.0
2026-04-11T04:24:45Z,-22.913293,-43.181522,7.8,22.9,4.3
2026-04-11T04:24:46Z,-22.913324,-43.181528,8.0,24.5,4.6
2026-04-11T04:24:47Z,-22.913356,-43.181533,8.2,26.1,4.9
2026-04-11T04:24:48Z,-22.913387,-43.181539,8.5,27.8,4.0
2026-04-11T04:24:49Z,-22.913419,-43.181544,8.8,29.4,4.3
2026-04-11T04:24:50Z,-22.91345,-43.18155,9.0,31.0,4.6
